id,match_type,user_supplied_name,resolved_name,status,acceptedScientificName,kingdom,phylum,family,genus,predicted_label,canonicalName,canonicalName_lower
2,none,NA,NA,NA,NA,NA,NA,NA,NA,NA,NA,NA
3,species,arrhenatherum elatius,Arrhenatherum elatius,ACCEPTED,Arrhenatherum elatius,Plantae,Tracheophyta,Poaceae,Arrhenatherum,Presence,NA,NA
3,genus,NA,Arrhenatherum,ACCEPTED,Arrhenatherum,Plantae,Tracheophyta,Poaceae,NA,Presence,Arrhenatherum,arrhenatherum
4,species,cyperus rotundus,Cyperus rotundus,ACCEPTED,Cyperus rotundus,Plantae,Tracheophyta,Cyperaceae,Cyperus,Presence,NA,NA
4,genus,NA,Cyperus,ACCEPTED,Cyperus,Plantae,Tracheophyta,Cyperaceae,NA,Presence,Cyperus,cyperus
4,family,NA,Clavicipitaceae,ACCEPTED,Clavicipitaceae,Fungi,Ascomycota,NA,NA,Presence,Clavicipitaceae,clavicipitaceae
5,species,enhalus acoroides,Enhalus acoroides,ACCEPTED,Enhalus acoroides,Plantae,Tracheophyta,Hydrocharitaceae,Enhalus,Presence,NA,NA
5,species,thalassia hemprichii,Thalassia hemprichii,ACCEPTED,Thalassia hemprichii,Plantae,Tracheophyta,Hydrocharitaceae,Thalassia,Presence,NA,NA
5,species,aspergillus ochraceopetaliformis,Aspergillus ochraceopetaliformis,ACCEPTED,Aspergillus ochraceopetaliformis,Fungi,Ascomycota,Aspergillaceae,Aspergillus,Presence,NA,NA
5,species,penicillium citrinum,Penicillium citrinum,ACCEPTED,Penicillium citrinum,Fungi,Ascomycota,Aspergillaceae,Penicillium,Presence,NA,NA
5,genus,NA,Enhalus,ACCEPTED,Enhalus,Plantae,Tracheophyta,Hydrocharitaceae,NA,Presence,Enhalus,enhalus
5,genus,NA,Thalassia,ACCEPTED,Thalassia,Plantae,Tracheophyta,Hydrocharitaceae,NA,Presence,Thalassia,thalassia
5,genus,NA,Penicillium,ACCEPTED,Penicillium,Fungi,Ascomycota,Aspergillaceae,NA,Presence,Penicillium,penicillium
5,genus,NA,Aspergillus,ACCEPTED,Aspergillus,Fungi,Ascomycota,Aspergillaceae,NA,Presence,Aspergillus,aspergillus
5,genus,NA,Aspergillus,ACCEPTED,Aspergillus,Fungi,Ascomycota,Trichocomaceae,NA,Presence,Aspergillus,aspergillus
5,genus,NA,Cymodocea,ACCEPTED,Cymodocea,Plantae,Tracheophyta,Cymodoceaceae,NA,Presence,Cymodocea,cymodocea
6,species,lolium perenne,Lolium perenne,ACCEPTED,Lolium perenne,Plantae,Tracheophyta,Poaceae,Lolium,Presence,NA,NA
6,genus,NA,Lolium,ACCEPTED,Lolium,Plantae,Tracheophyta,Poaceae,NA,Presence,Lolium,lolium
7,species,hordeum brevisubulatum,Hordeum brevisubulatum,ACCEPTED,Hordeum brevisubulatum,Plantae,Tracheophyta,Poaceae,Hordeum,Presence,NA,NA
7,species,achnatherum inebrians,Achnatherum inebrians,ACCEPTED,Achnatherum inebrians,Plantae,Tracheophyta,Poaceae,Achnatherum,Presence,NA,NA
7,species,elymus sibiricus,Elymus sibiricus,ACCEPTED,Elymus sibiricus,Plantae,Tracheophyta,Poaceae,Elymus,Presence,NA,NA
7,species,alternaria alternata,Alternaria alternata,ACCEPTED,Alternaria alternata,Fungi,Ascomycota,Pleosporaceae,Alternaria,Presence,NA,NA
7,species,bipolaris sorokiniana,Bipolaris sorokiniana,ACCEPTED,Bipolaris sorokiniana,Fungi,Ascomycota,Pleosporaceae,Bipolaris,Presence,NA,NA
7,species,fusarium avenaceum,Fusarium avenaceum,ACCEPTED,Fusarium avenaceum,Fungi,Ascomycota,Nectriaceae,Fusarium,Presence,NA,NA
7,genus,NA,Elymus,ACCEPTED,Elymus,Plantae,Tracheophyta,Poaceae,NA,Presence,Elymus,elymus
7,genus,NA,Hordeum,ACCEPTED,Hordeum,Plantae,Tracheophyta,Poaceae,NA,Presence,Hordeum,hordeum
7,genus,NA,Achnatherum,ACCEPTED,Achnatherum,Plantae,Tracheophyta,Poaceae,NA,Presence,Achnatherum,achnatherum
7,genus,NA,Epichloe,ACCEPTED,Epichloe,Fungi,Ascomycota,Clavicipitaceae,NA,Presence,Epichloe,epichloe
7,genus,NA,Fusarium,ACCEPTED,Fusarium,Fungi,Ascomycota,Nectriaceae,NA,Presence,Fusarium,fusarium
7,genus,NA,Fusarium,ACCEPTED,Fusarium,Fungi,Ascomycota,Dermateaceae,NA,Presence,Fusarium,fusarium
7,genus,NA,Alternaria,ACCEPTED,Alternaria,Fungi,Ascomycota,Pleosporaceae,NA,Presence,Alternaria,alternaria
7,genus,NA,Bipolaris,ACCEPTED,Bipolaris,Fungi,Ascomycota,Pleosporaceae,NA,Presence,Bipolaris,bipolaris
8,species,didymella phleina,Didymella phleina,ACCEPTED,Didymella phleina,Fungi,Ascomycota,Didymellaceae,Didymella,Presence,NA,NA
8,species,stemphylium botryosum,Stemphylium botryosum,ACCEPTED,Stemphylium botryosum,Fungi,Ascomycota,Pleosporaceae,Stemphylium,Presence,NA,NA
8,genus,NA,Didymella,ACCEPTED,Didymella,Fungi,Ascomycota,Didymellaceae,NA,Presence,Didymella,didymella
8,genus,NA,Cladosporium,ACCEPTED,Cladosporium,Fungi,Ascomycota,Xylariaceae,NA,Presence,Cladosporium,cladosporium
8,genus,NA,Cladosporium,ACCEPTED,Cladosporium,Fungi,Ascomycota,Cladosporiaceae,NA,Presence,Cladosporium,cladosporium
8,genus,NA,Alternaria,ACCEPTED,Alternaria,Fungi,Ascomycota,Pleosporaceae,NA,Presence,Alternaria,alternaria
8,genus,NA,Stemphylium,ACCEPTED,Stemphylium,Fungi,Ascomycota,Pleosporaceae,NA,Presence,Stemphylium,stemphylium
9,genus,NA,Anserina,ACCEPTED,Anserina,Fungi,Ascomycota,Ascobolaceae,NA,Presence,Anserina,anserina
9,genus,NA,Potentilla,ACCEPTED,Potentilla,Plantae,Tracheophyta,Rosaceae,NA,Presence,Potentilla,potentilla
9,family,NA,Rosaceae,ACCEPTED,Rosaceae,Plantae,Tracheophyta,NA,NA,Presence,Rosaceae,rosaceae
10,genus,NA,Heteroconium,ACCEPTED,Heteroconium,Fungi,Ascomycota,Antennulariellaceae,NA,Presence,Heteroconium,heteroconium
11,species,narcissus pseudonarcissus,Narcissus pseudonarcissus,ACCEPTED,Narcissus pseudonarcissus,Plantae,Tracheophyta,Amaryllidaceae,Narcissus,Presence,NA,NA
11,species,catharanthus roseus,Catharanthus roseus,ACCEPTED,Catharanthus roseus,Plantae,Tracheophyta,Apocynaceae,Catharanthus,Presence,NA,NA
11,species,fusarium oxysporum,Fusarium oxysporum,ACCEPTED,Fusarium oxysporum,Fungi,Ascomycota,Nectriaceae,Fusarium,Presence,NA,NA
11,genus,NA,Catharanthus,ACCEPTED,Catharanthus,Plantae,Tracheophyta,Apocynaceae,NA,Presence,Catharanthus,catharanthus
11,genus,NA,Jacobaea,ACCEPTED,Jacobaea,Plantae,Tracheophyta,Asteraceae,NA,Presence,Jacobaea,jacobaea
11,genus,NA,Fusarium,ACCEPTED,Fusarium,Fungi,Ascomycota,Nectriaceae,NA,Presence,Fusarium,fusarium
11,genus,NA,Fusarium,ACCEPTED,Fusarium,Fungi,Ascomycota,Dermateaceae,NA,Presence,Fusarium,fusarium
11,genus,NA,Narcissus,ACCEPTED,Narcissus,Plantae,Tracheophyta,Amaryllidaceae,NA,Presence,Narcissus,narcissus
12,genus,NA,Phoma,ACCEPTED,Phoma,Fungi,Ascomycota,Didymellaceae,NA,Presence,Phoma,phoma
12,genus,NA,Helminthosporium,ACCEPTED,Helminthosporium,Fungi,Ascomycota,Massarinaceae,NA,Presence,Helminthosporium,helminthosporium
12,genus,NA,Sorghum,ACCEPTED,Sorghum,Plantae,Tracheophyta,Poaceae,NA,Presence,Sorghum,sorghum
12,genus,NA,Fusarium,ACCEPTED,Fusarium,Fungi,Ascomycota,Nectriaceae,NA,Presence,Fusarium,fusarium
12,genus,NA,Fusarium,ACCEPTED,Fusarium,Fungi,Ascomycota,Dermateaceae,NA,Presence,Fusarium,fusarium
12,genus,NA,Cladosporium,ACCEPTED,Cladosporium,Fungi,Ascomycota,Xylariaceae,NA,Presence,Cladosporium,cladosporium
12,genus,NA,Cladosporium,ACCEPTED,Cladosporium,Fungi,Ascomycota,Cladosporiaceae,NA,Presence,Cladosporium,cladosporium
12,genus,NA,Phycomyces,ACCEPTED,Phycomyces,Fungi,Mucoromycota,Phycomycetaceae,NA,Presence,Phycomyces,phycomyces
12,genus,NA,Alternaria,ACCEPTED,Alternaria,Fungi,Ascomycota,Pleosporaceae,NA,Presence,Alternaria,alternaria
12,genus,NA,Curvularia,ACCEPTED,Curvularia,Fungi,Ascomycota,Pleosporaceae,NA,Presence,Curvularia,curvularia
12,genus,NA,Trichoderma,ACCEPTED,Trichoderma,Fungi,Ascomycota,Hypocreaceae,NA,Presence,Trichoderma,trichoderma
12,genus,NA,Penicillium,ACCEPTED,Penicillium,Fungi,Ascomycota,Aspergillaceae,NA,Presence,Penicillium,penicillium
12,genus,NA,Pullularia,ACCEPTED,Pullularia,Fungi,Ascomycota,Saccotheciaceae,NA,Presence,Pullularia,pullularia
12,genus,NA,Aspergillus,ACCEPTED,Aspergillus,Fungi,Ascomycota,Aspergillaceae,NA,Presence,Aspergillus,aspergillus
12,genus,NA,Aspergillus,ACCEPTED,Aspergillus,Fungi,Ascomycota,Trichocomaceae,NA,Presence,Aspergillus,aspergillus
12,genus,NA,Phomopsis,ACCEPTED,Phomopsis,Fungi,Ascomycota,Diaporthaceae,NA,Presence,Phomopsis,phomopsis
12,genus,NA,Monilia,ACCEPTED,Monilia,Fungi,Ascomycota,Sclerotiniaceae,NA,Presence,Monilia,monilia
12,genus,NA,Chaetomium,ACCEPTED,Chaetomium,Fungi,Ascomycota,Chaetomiaceae,NA,Presence,Chaetomium,chaetomium
12,genus,NA,Heterosporium,ACCEPTED,Heterosporium,Fungi,Ascomycota,Cladosporiaceae,NA,Presence,Heterosporium,heterosporium
12,genus,NA,Cephalosporium,ACCEPTED,Cephalosporium,Fungi,Ascomycota,NA,NA,Presence,Cephalosporium,cephalosporium
12,genus,NA,Hormodendron,ACCEPTED,Hormodendron,Fungi,Ascomycota,NA,NA,Presence,Hormodendron,hormodendron
13,species,avena fatua,Avena fatua,ACCEPTED,Avena fatua,Plantae,Tracheophyta,Poaceae,Avena,Presence,NA,NA
13,genus,NA,Echinochloa,ACCEPTED,Echinochloa,Plantae,Tracheophyta,Poaceae,NA,Presence,Echinochloa,echinochloa
13,genus,NA,Avena,ACCEPTED,Avena,Plantae,Tracheophyta,Poaceae,NA,Presence,Avena,avena
13,genus,NA,Sarocladium,ACCEPTED,Sarocladium,Fungi,Ascomycota,Sarocladiaceae,NA,Presence,Sarocladium,sarocladium
13,genus,NA,Fusarium,ACCEPTED,Fusarium,Fungi,Ascomycota,Nectriaceae,NA,Presence,Fusarium,fusarium
13,genus,NA,Fusarium,ACCEPTED,Fusarium,Fungi,Ascomycota,Dermateaceae,NA,Presence,Fusarium,fusarium
13,genus,NA,Cladosporium,ACCEPTED,Cladosporium,Fungi,Ascomycota,Xylariaceae,NA,Presence,Cladosporium,cladosporium
13,genus,NA,Cladosporium,ACCEPTED,Cladosporium,Fungi,Ascomycota,Cladosporiaceae,NA,Presence,Cladosporium,cladosporium
13,genus,NA,Alternaria,ACCEPTED,Alternaria,Fungi,Ascomycota,Pleosporaceae,NA,Presence,Alternaria,alternaria
13,family,NA,Poaceae,ACCEPTED,Poaceae,Plantae,Tracheophyta,NA,NA,Presence,Poaceae,poaceae
15,genus,NA,Argentina,ACCEPTED,Argentina,Plantae,Tracheophyta,Rosaceae,NA,Presence,Argentina,argentina
15,genus,NA,Lycopodium,ACCEPTED,Lycopodium,Plantae,Tracheophyta,Lycopodiaceae,NA,Presence,Lycopodium,lycopodium
16,genus,NA,Oidiodendron,ACCEPTED,Oidiodendron,Fungi,Ascomycota,Myxotrichaceae,NA,Presence,Oidiodendron,oidiodendron
16,genus,NA,Calluna,ACCEPTED,Calluna,Plantae,Tracheophyta,Ericaceae,NA,Presence,Calluna,calluna
16,genus,NA,Hymenoscyphus,ACCEPTED,Hymenoscyphus,Fungi,Ascomycota,Helotiaceae,NA,Presence,Hymenoscyphus,hymenoscyphus
17,genus,NA,Panax,ACCEPTED,Panax,Plantae,Tracheophyta,Araliaceae,NA,Presence,Panax,panax
18,species,arrhenatherum elatius,Arrhenatherum elatius,ACCEPTED,Arrhenatherum elatius,Plantae,Tracheophyta,Poaceae,Arrhenatherum,Presence,NA,NA
18,genus,NA,Arrhenatherum,ACCEPTED,Arrhenatherum,Plantae,Tracheophyta,Poaceae,NA,Presence,Arrhenatherum,arrhenatherum
19,genus,NA,Microbiota,ACCEPTED,Microbiota,Plantae,Tracheophyta,Cupressaceae,NA,Presence,Microbiota,microbiota
20,species,phragmites australis,Phragmites australis,ACCEPTED,Phragmites australis,Plantae,Tracheophyta,Poaceae,Phragmites,Presence,NA,NA
20,genus,NA,Phragmites,ACCEPTED,Phragmites,Plantae,Tracheophyta,Poaceae,NA,Presence,Phragmites,phragmites
20,genus,NA,Stagonospora,ACCEPTED,Stagonospora,Fungi,Ascomycota,Phaeosphaeriaceae,NA,Presence,Stagonospora,stagonospora
21,none,NA,NA,NA,NA,NA,NA,NA,NA,NA,NA,NA
22,species,aspergillus niger,Aspergillus niger,ACCEPTED,Aspergillus niger,Fungi,Ascomycota,Aspergillaceae,Aspergillus,Presence,NA,NA
22,species,colletotrichum gloeosporioides,Colletotrichum gloeosporioides,ACCEPTED,Colletotrichum gloeosporioides,Fungi,Ascomycota,Glomerellaceae,Colletotrichum,Presence,NA,NA
22,genus,NA,Phoma,ACCEPTED,Phoma,Fungi,Ascomycota,Didymellaceae,NA,Presence,Phoma,phoma
22,genus,NA,Chalaropsis,ACCEPTED,Chalaropsis,Fungi,Ascomycota,Ceratocystidaceae,NA,Presence,Chalaropsis,chalaropsis
22,genus,NA,Pestalotiopsis,ACCEPTED,Pestalotiopsis,Fungi,Ascomycota,Pestalotiopsidaceae,NA,Presence,Pestalotiopsis,pestalotiopsis
22,genus,NA,Fusarium,ACCEPTED,Fusarium,Fungi,Ascomycota,Nectriaceae,NA,Presence,Fusarium,fusarium
22,genus,NA,Fusarium,ACCEPTED,Fusarium,Fungi,Ascomycota,Dermateaceae,NA,Presence,Fusarium,fusarium
22,genus,NA,Drechslera,ACCEPTED,Drechslera,Fungi,Basidiomycota,Auriculariaceae,NA,Presence,Drechslera,drechslera
22,genus,NA,Drechslera,ACCEPTED,Drechslera,Fungi,Ascomycota,Pleosporaceae,NA,Presence,Drechslera,drechslera
22,genus,NA,Mucor,ACCEPTED,Mucor,Fungi,Mucoromycota,Mucoraceae,NA,Presence,Mucor,mucor
22,genus,NA,Cladosporium,ACCEPTED,Cladosporium,Fungi,Ascomycota,Xylariaceae,NA,Presence,Cladosporium,cladosporium
22,genus,NA,Cladosporium,ACCEPTED,Cladosporium,Fungi,Ascomycota,Cladosporiaceae,NA,Presence,Cladosporium,cladosporium
22,genus,NA,Stachybotrys,ACCEPTED,Stachybotrys,Fungi,Ascomycota,Stachybotryaceae,NA,Presence,Stachybotrys,stachybotrys
22,genus,NA,Alternaria,ACCEPTED,Alternaria,Fungi,Ascomycota,Pleosporaceae,NA,Presence,Alternaria,alternaria
22,genus,NA,Curvularia,ACCEPTED,Curvularia,Fungi,Ascomycota,Pleosporaceae,NA,Presence,Curvularia,curvularia
22,genus,NA,Pongamia,ACCEPTED,Pongamia,Plantae,Tracheophyta,Fabaceae,NA,Presence,Pongamia,pongamia
22,genus,NA,Colletotrichum,ACCEPTED,Colletotrichum,Fungi,Ascomycota,Glomerellaceae,NA,Presence,Colletotrichum,colletotrichum
22,genus,NA,Colletotrichum,ACCEPTED,Colletotrichum,Fungi,Ascomycota,Dermateaceae,NA,Presence,Colletotrichum,colletotrichum
22,genus,NA,Rhizopus,ACCEPTED,Rhizopus,Fungi,Mucoromycota,Rhizopodaceae,NA,Presence,Rhizopus,rhizopus
22,genus,NA,Trichoderma,ACCEPTED,Trichoderma,Fungi,Ascomycota,Hypocreaceae,NA,Presence,Trichoderma,trichoderma
22,genus,NA,Penicillium,ACCEPTED,Penicillium,Fungi,Ascomycota,Aspergillaceae,NA,Presence,Penicillium,penicillium
22,genus,NA,Aspergillus,ACCEPTED,Aspergillus,Fungi,Ascomycota,Aspergillaceae,NA,Presence,Aspergillus,aspergillus
22,genus,NA,Aspergillus,ACCEPTED,Aspergillus,Fungi,Ascomycota,Trichocomaceae,NA,Presence,Aspergillus,aspergillus
22,genus,NA,Phomopsis,ACCEPTED,Phomopsis,Fungi,Ascomycota,Diaporthaceae,NA,Presence,Phomopsis,phomopsis
22,genus,NA,Sclerotinia,ACCEPTED,Sclerotinia,Fungi,Ascomycota,Sclerotiniaceae,NA,Presence,Sclerotinia,sclerotinia
22,genus,NA,Phyllosticta,ACCEPTED,Phyllosticta,Fungi,Ascomycota,Phyllostictaceae,NA,Presence,Phyllosticta,phyllosticta
23,none,NA,NA,NA,NA,NA,NA,NA,NA,NA,NA,NA
24,species,alternaria solani,Alternaria solani,ACCEPTED,Alternaria solani,Fungi,Ascomycota,Pleosporaceae,Alternaria,Presence,NA,NA
24,genus,NA,Alternaria,ACCEPTED,Alternaria,Fungi,Ascomycota,Pleosporaceae,NA,Presence,Alternaria,alternaria
24,genus,NA,Botrytis,ACCEPTED,Botrytis,Fungi,Ascomycota,Sclerotiniaceae,NA,Presence,Botrytis,botrytis
25,species,cercospora nicotianae,Cercospora nicotianae,ACCEPTED,Cercospora nicotianae,Fungi,Ascomycota,Mycosphaerellaceae,Cercospora,Presence,NA,NA
25,genus,NA,Phoma,ACCEPTED,Phoma,Fungi,Ascomycota,Didymellaceae,NA,Presence,Phoma,phoma
25,genus,NA,Cercospora,ACCEPTED,Cercospora,Fungi,Ascomycota,Mycosphaerellaceae,NA,Presence,Cercospora,cercospora
26,species,sporobolus nealleyi,Sporobolus nealleyi,ACCEPTED,Sporobolus nealleyi,Plantae,Tracheophyta,Poaceae,Sporobolus,Presence,NA,NA
26,genus,NA,Sporobolus,ACCEPTED,Sporobolus,Plantae,Tracheophyta,Poaceae,NA,Presence,Sporobolus,sporobolus
26,genus,NA,Alternaria,ACCEPTED,Alternaria,Fungi,Ascomycota,Pleosporaceae,NA,Presence,Alternaria,alternaria
26,genus,NA,Monosporascus,ACCEPTED,Monosporascus,Fungi,Ascomycota,Diatrypaceae,NA,Presence,Monosporascus,monosporascus
27,species,gigaspora albida,Gigaspora albida,ACCEPTED,Gigaspora albida,Fungi,Glomeromycota,Gigasporaceae,Gigaspora,Presence,NA,NA
27,species,acaulospora morrowiae,Acaulospora morrowiae,ACCEPTED,Acaulospora morrowiae,Fungi,Glomeromycota,Acaulosporaceae,Acaulospora,Presence,NA,NA
27,genus,NA,Rhizoglomus,ACCEPTED,Rhizoglomus,Fungi,Glomeromycota,Glomeraceae,NA,Presence,Rhizoglomus,rhizoglomus
27,genus,NA,Claroideoglomus,ACCEPTED,Claroideoglomus,Fungi,Glomeromycota,Claroideoglomeraceae,NA,Presence,Claroideoglomus,claroideoglomus
27,genus,NA,Gigaspora,ACCEPTED,Gigaspora,Fungi,Glomeromycota,Gigasporaceae,NA,Presence,Gigaspora,gigaspora
27,genus,NA,Acaulospora,ACCEPTED,Acaulospora,Fungi,Glomeromycota,Acaulosporaceae,NA,Presence,Acaulospora,acaulospora
27,genus,NA,Microbiota,ACCEPTED,Microbiota,Plantae,Tracheophyta,Cupressaceae,NA,Presence,Microbiota,microbiota
27,genus,NA,Gliricidia,ACCEPTED,Gliricidia,Plantae,Tracheophyta,Fabaceae,NA,Presence,Gliricidia,gliricidia
28,species,puccinellia distans,Puccinellia distans,ACCEPTED,Puccinellia distans,Plantae,Tracheophyta,Poaceae,Puccinellia,Presence,NA,NA
28,genus,NA,Puccinellia,ACCEPTED,Puccinellia,Plantae,Tracheophyta,Poaceae,NA,Presence,Puccinellia,puccinellia
29,species,penicillium expansum,Penicillium expansum,ACCEPTED,Penicillium expansum,Fungi,Ascomycota,Aspergillaceae,Penicillium,Presence,NA,NA
29,species,sclerotinia minor,Sclerotinia minor,ACCEPTED,Sclerotinia minor,Fungi,Ascomycota,Sclerotiniaceae,Sclerotinia,Presence,NA,NA
29,genus,NA,Sarocladium,ACCEPTED,Sarocladium,Fungi,Ascomycota,Sarocladiaceae,NA,Presence,Sarocladium,sarocladium
29,genus,NA,Bipolaris,ACCEPTED,Bipolaris,Fungi,Ascomycota,Pleosporaceae,NA,Presence,Bipolaris,bipolaris
29,genus,NA,Penicillium,ACCEPTED,Penicillium,Fungi,Ascomycota,Aspergillaceae,NA,Presence,Penicillium,penicillium
29,genus,NA,Sclerotinia,ACCEPTED,Sclerotinia,Fungi,Ascomycota,Sclerotiniaceae,NA,Presence,Sclerotinia,sclerotinia
30,species,nigrospora oryzae,Nigrospora oryzae,ACCEPTED,Nigrospora oryzae,Fungi,Ascomycota,Trichosphaeriaceae,Nigrospora,Presence,NA,NA
30,species,zasmidium musae,Zasmidium musae,ACCEPTED,Zasmidium musae,Fungi,Ascomycota,Mycosphaerellaceae,Zasmidium,Presence,NA,NA
30,genus,NA,Nigrospora,ACCEPTED,Nigrospora,Fungi,Ascomycota,Trichosphaeriaceae,NA,Presence,Nigrospora,nigrospora
30,genus,NA,Pestalotiopsis,ACCEPTED,Pestalotiopsis,Fungi,Ascomycota,Pestalotiopsidaceae,NA,Presence,Pestalotiopsis,pestalotiopsis
30,genus,NA,Zasmidium,ACCEPTED,Zasmidium,Fungi,Ascomycota,Mycosphaerellaceae,NA,Presence,Zasmidium,zasmidium
31,none,NA,NA,NA,NA,NA,NA,NA,NA,NA,NA,NA
32,species,herbertus herpocladioides,Herbertus herpocladioides,ACCEPTED,Herbertus herpocladioides,Plantae,Marchantiophyta,Herbertaceae,Herbertus,Presence,NA,NA
32,species,alternaria citriarbusti,Alternaria citriarbusti,ACCEPTED,Alternaria citriarbusti,Fungi,Ascomycota,Pleosporaceae,Alternaria,Presence,NA,NA
32,species,candida albicans,Candida albicans,ACCEPTED,Candida albicans,Fungi,Ascomycota,Debaryomycetaceae,Candida,Presence,NA,NA
32,genus,NA,Herbertus,ACCEPTED,Herbertus,Plantae,Marchantiophyta,Herbertaceae,NA,Presence,Herbertus,herbertus
32,genus,NA,Alternaria,ACCEPTED,Alternaria,Fungi,Ascomycota,Pleosporaceae,NA,Presence,Alternaria,alternaria
32,genus,NA,Candida,ACCEPTED,Candida,Fungi,Ascomycota,Debaryomycetaceae,NA,Presence,Candida,candida
33,species,atriplex canescens,Atriplex canescens,ACCEPTED,Atriplex canescens,Plantae,Tracheophyta,Amaranthaceae,Atriplex,Presence,NA,NA
33,genus,NA,Atriplex,ACCEPTED,Atriplex,Plantae,Tracheophyta,Amaranthaceae,NA,Presence,Atriplex,atriplex
34,species,epichloe typhina,Epichloe typhina,ACCEPTED,Epichloe typhina,Fungi,Ascomycota,Clavicipitaceae,Epichloe,Presence,NA,NA
34,species,calamagrostis purpurea,Calamagrostis purpurea,ACCEPTED,Calamagrostis purpurea,Plantae,Tracheophyta,Poaceae,Calamagrostis,Presence,NA,NA
34,genus,NA,Calamagrostis,ACCEPTED,Calamagrostis,Plantae,Tracheophyta,Poaceae,NA,Presence,Calamagrostis,calamagrostis
34,genus,NA,Epichloe,ACCEPTED,Epichloe,Fungi,Ascomycota,Clavicipitaceae,NA,Presence,Epichloe,epichloe
35,species,carya illinoinensis,Carya illinoinensis,ACCEPTED,Carya illinoinensis,Plantae,Tracheophyta,Juglandaceae,Carya,Presence,NA,NA
35,genus,NA,Carya,ACCEPTED,Carya,Plantae,Tracheophyta,Juglandaceae,NA,Presence,Carya,carya
36,species,coffea arabica,Coffea arabica,ACCEPTED,Coffea arabica,Plantae,Tracheophyta,Rubiaceae,Coffea,Presence,NA,NA
36,species,colletotrichum gloeosporioides,Colletotrichum gloeosporioides,ACCEPTED,Colletotrichum gloeosporioides,Fungi,Ascomycota,Glomerellaceae,Colletotrichum,Presence,NA,NA
36,species,phyllosticta capitalensis,Phyllosticta capitalensis,ACCEPTED,Phyllosticta capitalensis,Fungi,Ascomycota,Phyllostictaceae,Phyllosticta,Presence,NA,NA
36,genus,NA,Coffea,ACCEPTED,Coffea,Plantae,Tracheophyta,Rubiaceae,NA,Presence,Coffea,coffea
36,genus,NA,Colletotrichum,ACCEPTED,Colletotrichum,Fungi,Ascomycota,Glomerellaceae,NA,Presence,Colletotrichum,colletotrichum
36,genus,NA,Colletotrichum,ACCEPTED,Colletotrichum,Fungi,Ascomycota,Dermateaceae,NA,Presence,Colletotrichum,colletotrichum
36,genus,NA,Phyllosticta,ACCEPTED,Phyllosticta,Fungi,Ascomycota,Phyllostictaceae,NA,Presence,Phyllosticta,phyllosticta
37,species,orchidantha chinensis,Orchidantha chinensis,ACCEPTED,Orchidantha chinensis,Plantae,Tracheophyta,Lowiaceae,Orchidantha,Presence,NA,NA
37,genus,NA,Orchidantha,ACCEPTED,Orchidantha,Plantae,Tracheophyta,Lowiaceae,NA,Presence,Orchidantha,orchidantha
38,species,pinus densiflora,Pinus densiflora,ACCEPTED,Pinus densiflora,Plantae,Tracheophyta,Pinaceae,Pinus,Presence,NA,NA
38,genus,NA,Cenangium,ACCEPTED,Cenangium,Fungi,Ascomycota,Cenangiaceae,NA,Presence,Cenangium,cenangium
38,genus,NA,Selenophoma,ACCEPTED,Selenophoma,Fungi,Ascomycota,Saccotheciaceae,NA,Presence,Selenophoma,selenophoma
38,genus,NA,Pinus,ACCEPTED,Pinus,Plantae,Tracheophyta,Pinaceae,NA,Presence,Pinus,pinus
38,genus,NA,Sphaeropsis,ACCEPTED,Sphaeropsis,Plantae,Chlorophyta,Pterospermataceae,NA,Presence,Sphaeropsis,sphaeropsis
39,species,gentiana straminea,Gentiana straminea,ACCEPTED,Gentiana straminea,Plantae,Tracheophyta,Gentianaceae,Gentiana,Presence,NA,NA
39,genus,NA,Beta,ACCEPTED,Beta,Plantae,Tracheophyta,Amaranthaceae,NA,Presence,Beta,beta
39,genus,NA,Gentiana,ACCEPTED,Gentiana,Plantae,Tracheophyta,Gentianaceae,NA,Presence,Gentiana,gentiana
41,species,camellia oleifera,Camellia oleifera,ACCEPTED,Camellia oleifera,Plantae,Tracheophyta,Theaceae,Camellia,Presence,NA,NA
41,genus,NA,Didymella,ACCEPTED,Didymella,Fungi,Ascomycota,Didymellaceae,NA,Presence,Didymella,didymella
41,genus,NA,Fusarium,ACCEPTED,Fusarium,Fungi,Ascomycota,Nectriaceae,NA,Presence,Fusarium,fusarium
41,genus,NA,Fusarium,ACCEPTED,Fusarium,Fungi,Ascomycota,Dermateaceae,NA,Presence,Fusarium,fusarium
41,genus,NA,Camellia,ACCEPTED,Camellia,Plantae,Tracheophyta,Theaceae,NA,Presence,Camellia,camellia
41,genus,NA,Penicillium,ACCEPTED,Penicillium,Fungi,Ascomycota,Aspergillaceae,NA,Presence,Penicillium,penicillium
46,species,bouteloua eriopoda,Bouteloua eriopoda,ACCEPTED,Bouteloua eriopoda,Plantae,Tracheophyta,Poaceae,Bouteloua,Presence,NA,NA
46,species,atriplex canescens,Atriplex canescens,ACCEPTED,Atriplex canescens,Plantae,Tracheophyta,Amaranthaceae,Atriplex,Presence,NA,NA
46,genus,NA,Bouteloua,ACCEPTED,Bouteloua,Plantae,Tracheophyta,Poaceae,NA,Presence,Bouteloua,bouteloua
46,genus,NA,Atriplex,ACCEPTED,Atriplex,Plantae,Tracheophyta,Amaranthaceae,NA,Presence,Atriplex,atriplex
48,species,panax ginseng,Panax ginseng,ACCEPTED,Panax ginseng,Plantae,Tracheophyta,Araliaceae,Panax,Presence,NA,NA
48,genus,NA,Arthrinium,ACCEPTED,Arthrinium,Fungi,Ascomycota,Apiosporaceae,NA,Presence,Arthrinium,arthrinium
48,genus,NA,Panax,ACCEPTED,Panax,Plantae,Tracheophyta,Araliaceae,NA,Presence,Panax,panax
50,none,NA,NA,NA,NA,NA,NA,NA,NA,NA,NA,NA
51,species,forsythia suspensa,Forsythia suspensa,ACCEPTED,Forsythia suspensa,Plantae,Tracheophyta,Oleaceae,Forsythia,Presence,NA,NA
51,species,colletotrichum gloeosporioides,Colletotrichum gloeosporioides,ACCEPTED,Colletotrichum gloeosporioides,Fungi,Ascomycota,Glomerellaceae,Colletotrichum,Presence,NA,NA
51,genus,NA,Forsythia,ACCEPTED,Forsythia,Plantae,Tracheophyta,Oleaceae,NA,Presence,Forsythia,forsythia
51,genus,NA,Colletotrichum,ACCEPTED,Colletotrichum,Fungi,Ascomycota,Glomerellaceae,NA,Presence,Colletotrichum,colletotrichum
51,genus,NA,Colletotrichum,ACCEPTED,Colletotrichum,Fungi,Ascomycota,Dermateaceae,NA,Presence,Colletotrichum,colletotrichum
52,species,thermomyces lanuginosus,Thermomyces lanuginosus,ACCEPTED,Thermomyces lanuginosus,Fungi,Ascomycota,Trichocomaceae,Thermomyces,Presence,NA,NA
52,genus,NA,Cullen,ACCEPTED,Cullen,Plantae,Tracheophyta,Fabaceae,NA,Presence,Cullen,cullen
52,genus,NA,Thermomyces,ACCEPTED,Thermomyces,Fungi,Ascomycota,Trichocomaceae,NA,Presence,Thermomyces,thermomyces
53,species,chimonanthus praecox,Chimonanthus praecox,ACCEPTED,Chimonanthus praecox,Plantae,Tracheophyta,Calycanthaceae,Chimonanthus,Presence,NA,NA
53,genus,NA,Chimonanthus,ACCEPTED,Chimonanthus,Plantae,Tracheophyta,Calycanthaceae,NA,Presence,Chimonanthus,chimonanthus
53,genus,NA,Phyla,ACCEPTED,Phyla,Plantae,Tracheophyta,Verbenaceae,NA,Presence,Phyla,phyla
54,species,phialocephala fortinii,Phialocephala fortinii,ACCEPTED,Phialocephala fortinii,Fungi,Ascomycota,Mollisiaceae,Phialocephala,Presence,NA,NA
54,species,arabidopsis thaliana,Arabidopsis thaliana,ACCEPTED,Arabidopsis thaliana,Plantae,Tracheophyta,Brassicaceae,Arabidopsis,Presence,NA,NA
54,genus,NA,Arabidopsis,ACCEPTED,Arabidopsis,Plantae,Tracheophyta,Brassicaceae,NA,Presence,Arabidopsis,arabidopsis
54,genus,NA,Phialocephala,ACCEPTED,Phialocephala,Fungi,Ascomycota,Mollisiaceae,NA,Presence,Phialocephala,phialocephala
55,species,penicillium meloforme,Penicillium meloforme,ACCEPTED,Penicillium meloforme,Fungi,Ascomycota,Aspergillaceae,Penicillium,Presence,NA,NA
55,species,berkeleyomyces basicola,Berkeleyomyces basicola,ACCEPTED,Berkeleyomyces basicola,Fungi,Ascomycota,Ceratocystidaceae,Berkeleyomyces,Presence,NA,NA
55,species,fusarium solani,Fusarium solani,ACCEPTED,Fusarium solani,Fungi,Ascomycota,Nectriaceae,Fusarium,Presence,NA,NA
55,species,penicillium javanicum,Penicillium javanicum,ACCEPTED,Penicillium javanicum,Fungi,Ascomycota,Aspergillaceae,Penicillium,Presence,NA,NA
55,genus,NA,Berkeleyomyces,ACCEPTED,Berkeleyomyces,Fungi,Ascomycota,Ceratocystidaceae,NA,Presence,Berkeleyomyces,berkeleyomyces
55,genus,NA,Fusarium,ACCEPTED,Fusarium,Fungi,Ascomycota,Nectriaceae,NA,Presence,Fusarium,fusarium
55,genus,NA,Fusarium,ACCEPTED,Fusarium,Fungi,Ascomycota,Dermateaceae,NA,Presence,Fusarium,fusarium
55,genus,NA,Penicillium,ACCEPTED,Penicillium,Fungi,Ascomycota,Aspergillaceae,NA,Presence,Penicillium,penicillium
56,species,bothriochloa ischaemum,Bothriochloa ischaemum,ACCEPTED,Bothriochloa ischaemum,Plantae,Tracheophyta,Poaceae,Bothriochloa,Presence,NA,NA
56,species,festuca rubra,Festuca rubra,ACCEPTED,Festuca rubra,Plantae,Tracheophyta,Poaceae,Festuca,Presence,NA,NA
56,species,elymus dahuricus,Elymus dahuricus,ACCEPTED,Elymus dahuricus,Plantae,Tracheophyta,Poaceae,Elymus,Presence,NA,NA
56,genus,NA,Elymus,ACCEPTED,Elymus,Plantae,Tracheophyta,Poaceae,NA,Presence,Elymus,elymus
56,genus,NA,Bothriochloa,ACCEPTED,Bothriochloa,Plantae,Tracheophyta,Poaceae,NA,Presence,Bothriochloa,bothriochloa
56,genus,NA,Imperata,ACCEPTED,Imperata,Plantae,Tracheophyta,Poaceae,NA,Presence,Imperata,imperata
56,genus,NA,Ischaemum,ACCEPTED,Ischaemum,Plantae,Tracheophyta,Poaceae,NA,Presence,Ischaemum,ischaemum
56,genus,NA,Festuca,ACCEPTED,Festuca,Plantae,Tracheophyta,Poaceae,NA,Presence,Festuca,festuca
57,species,anethum graveolens,Anethum graveolens,ACCEPTED,Anethum graveolens,Plantae,Tracheophyta,Apiaceae,Anethum,Presence,NA,NA
57,genus,NA,Assay,ACCEPTED,Assay,Plantae,Tracheophyta,Poaceae,NA,Presence,Assay,assay
57,genus,NA,Fusarium,ACCEPTED,Fusarium,Fungi,Ascomycota,Nectriaceae,NA,Presence,Fusarium,fusarium
57,genus,NA,Fusarium,ACCEPTED,Fusarium,Fungi,Ascomycota,Dermateaceae,NA,Presence,Fusarium,fusarium
57,genus,NA,Arthrinium,ACCEPTED,Arthrinium,Fungi,Ascomycota,Apiosporaceae,NA,Presence,Arthrinium,arthrinium
57,genus,NA,Auxarthron,ACCEPTED,Auxarthron,Fungi,Ascomycota,Onygenaceae,NA,Presence,Auxarthron,auxarthron
57,genus,NA,Microsporum,ACCEPTED,Microsporum,Fungi,Ascomycota,Arthrodermataceae,NA,Presence,Microsporum,microsporum
57,genus,NA,Trichophyton,ACCEPTED,Trichophyton,Fungi,Ascomycota,Arthrodermataceae,NA,Presence,Trichophyton,trichophyton
57,genus,NA,Trichoderma,ACCEPTED,Trichoderma,Fungi,Ascomycota,Hypocreaceae,NA,Presence,Trichoderma,trichoderma
57,genus,NA,Penicillium,ACCEPTED,Penicillium,Fungi,Ascomycota,Aspergillaceae,NA,Presence,Penicillium,penicillium
57,genus,NA,Aspergillus,ACCEPTED,Aspergillus,Fungi,Ascomycota,Aspergillaceae,NA,Presence,Aspergillus,aspergillus
57,genus,NA,Aspergillus,ACCEPTED,Aspergillus,Fungi,Ascomycota,Trichocomaceae,NA,Presence,Aspergillus,aspergillus
57,genus,NA,Diaporthe,ACCEPTED,Diaporthe,Fungi,Ascomycota,Diaporthaceae,NA,Presence,Diaporthe,diaporthe
57,genus,NA,Anethum,ACCEPTED,Anethum,Plantae,Tracheophyta,Apiaceae,NA,Presence,Anethum,anethum
58,species,sophora alopecuroides,Sophora alopecuroides,ACCEPTED,Sophora alopecuroides,Plantae,Tracheophyta,Fabaceae,Sophora,Presence,NA,NA
58,genus,NA,Alternaria,ACCEPTED,Alternaria,Fungi,Ascomycota,Pleosporaceae,NA,Presence,Alternaria,alternaria
58,genus,NA,Sophora,ACCEPTED,Sophora,Plantae,Tracheophyta,Fabaceae,NA,Presence,Sophora,sophora
58,genus,NA,Aspergillus,ACCEPTED,Aspergillus,Fungi,Ascomycota,Aspergillaceae,NA,Presence,Aspergillus,aspergillus
58,genus,NA,Aspergillus,ACCEPTED,Aspergillus,Fungi,Ascomycota,Trichocomaceae,NA,Presence,Aspergillus,aspergillus
60,species,asparagus racemosus,Asparagus racemosus,ACCEPTED,Asparagus racemosus,Plantae,Tracheophyta,Asparagaceae,Asparagus,Presence,NA,NA
60,species,aspergillus terreus,Aspergillus terreus,ACCEPTED,Aspergillus terreus,Fungi,Ascomycota,Aspergillaceae,Aspergillus,Presence,NA,NA
60,species,aspergillus flavus,Aspergillus flavus,ACCEPTED,Aspergillus flavus,Fungi,Ascomycota,Aspergillaceae,Aspergillus,Presence,NA,NA
60,species,talaromyces pinophilus,Talaromyces pinophilus,ACCEPTED,Talaromyces pinophilus,Fungi,Ascomycota,Aspergillaceae,Talaromyces,Presence,NA,NA
60,genus,NA,Asparagus,ACCEPTED,Asparagus,Plantae,Tracheophyta,Asparagaceae,NA,Presence,Asparagus,asparagus
60,genus,NA,Penicillium,ACCEPTED,Penicillium,Fungi,Ascomycota,Aspergillaceae,NA,Presence,Penicillium,penicillium
60,genus,NA,Talaromyces,ACCEPTED,Talaromyces,Fungi,Ascomycota,Aspergillaceae,NA,Presence,Talaromyces,talaromyces
60,genus,NA,Aspergillus,ACCEPTED,Aspergillus,Fungi,Ascomycota,Aspergillaceae,NA,Presence,Aspergillus,aspergillus
60,genus,NA,Aspergillus,ACCEPTED,Aspergillus,Fungi,Ascomycota,Trichocomaceae,NA,Presence,Aspergillus,aspergillus
